Province,Temple
สระบุรี,วัดพระพุทธบาทราชวรมหาวิหาร
,วัดเขาแก้ววรวิหาร
,วัดสมุหประดิษฐาราม
,วัดมงคลชัยพัฒนา
,วัดแก่งคอย
,วัดบ้านม่วง
,วัดกะเหรี่ยงคอม้า
,วัดเขาสะท้อนสูง
,วัดคลองไผ่สามัคคีธรรม
,วัดตาดใต้
,วัดบำรุงธรรม
,วัดบึงไม้
,วัดโคกกรุง
,วัดชำผักแพว
,วัดบ้านดง
,วัดป่าไผ่
,วัดวังแพ
,วัดสุนทริกาวาส
,วัดเกตุแก้ว
,วัดขอนหอม
,วัดโคกสะอาด
,วัดจำศีล
,วัดตาลเดี่ยว
,วัดนาบุญ
,วัดราษฎร์พัฒนา
,วัดใหม่สามัคคี
,วัดเตาปูน
,วัดบำเพ็ญธรรม
,วัดใหม่โพธิ์งาม
,วัดเขามันธรรมาราม
,วัดซับบอน
,วัดถ้ำพระโพธิสัตว์
,วัดทับกวาง
,วัดบ้านโป่ง
,วัดบำเพ็ญบุญ
,วัดวาลุการาม
,วัดสามัคคีวราราม
,วัดสิทธิราช
,วัดเขาหินดาด
,วัดคำใหญ่
,วัดถ้ำเต่า
,วัดถ้ำประกายแก้ว
,วัดท่าเกวียน
,วัดท่าคล้อใต้
,วัดท่าคล้อเหนือ
,วัดท่าศาลา
,วัดท่าสบก
,วัดหาดสองแคว
,วัดท่าศรีโพธิ์ใต้
,วัดท่าศรีโพธิ์เหนือ
,วัดเขาแก้ววนารามล
,วัดท่ามะปราง
,วัดโป่งมงคล
,วัดท่ากระเบา
,วัดบ้านธาตุใต้
,วัดบ้านธาตุเหนือ
,วัดเขาพระ
,วัดบ้านช่อง
,วัดบ้านช่องใต้
,วัดบ้านป่า
,วัดบ้านป่าใต้
,วัดป่าเกษม
,วัดวังกวาง
,วัดหนองมะค่า
,วัดแก่งป่าสัก
,วัดปรางคล้อ
,วัดพระพุทธบาทน้อย
,วัดสองคอนกลาง
,วัดสองคอนใต้
,วัดสองคอนเหนือ
,วัดสีทาใต้
,วัดสีทาเหนือ
,วัดหนองน้อย
,วัดเขาลาดวนาราม
,วัดนาดี
,วัดบ้านไร่
,วัดบุใหญ่
,วัดหนองน้ำเขียว
,วัดหนองสองห้อง
,วัดห้วยคงคาวราวาส
,วัดถ้ำเขาเขียว
,วัดท่าเดื่อ
,วัดนิคมซอย
,วัดผังพัฒนาราม
,วัดสาย
,วัดหินซ้อนใต้
,วัดป่ามหาวีรวงศ์
,วัดป่าสว่างบุญ
,วัดศรีเทพนิมิตวนาราม
,วัดพระธาตุเจริญธรรม
,วัดป่าดงพญาเย็น
,วัดถ้ำญาณสังวร
,วัดเขาดิน
,วัดถ้ำเจริญสุข
,วัดบ้านกอก
,วัดประดิษฐ์ธรรม
,วัดลาดเขาปูน
,วัดสุนันทาราม
,วัดสูงยาง
,วัดท่าวัว
,วัดผึ้งรวง
,วัดเพลียขวา
,วัดแพะโคก
,วัดห้วยหินขาว
,วัดโคกดินแดง
,วัดประสิทธิ์พรชัย
,วัดพุแค
,วัดสามัคคีธรรม
,วัดหนองหว้า
,วัดคีรีวง
,วัดคุ้งเขาเขียว
,วัดซอย
,วัดซอยสิบ
,วัดถ้ำวิมานแก้ว
,วัดป่าดำรงธรรม
,วัดหน้าพระลาน
,วัดป่าคา
,วัดสาธุประชาสรรค์
,วัดหนองม่วง
,วัดห้วยบง
,วัดศรัทธาประชากร
,วัดโคกโพธิ์
,วัดดอนทอง
,วัดดอนพุด
,วัดหนองกะทะ
,วัดช้าง
,วัดหนองมน
,วัดบ้านรี
,วัดไผ่หลิ่ว
,วัดหลังคาแดง
,วัดอ้อมแก้ว
,วัดโคกใหญ่
,วัดหนองนางปุ๋ย
,วัดโคกมะขาม
,วัดโบสถ์แจ้ง
,วัดโพธิ์ทอง
,วัดธรรมเสนา
,วัดสารภี
,วัดสุนทรเทพมุนี
,วัดบางขวัญ
,วัดบ้านครัว
,วัดม่วงน้อย
,วัดมหาโลก
,วัดบ้านหมอ
,วัดมะขามเรียง
,วัดหนองพันเรือ
,วัดโคกงาม
,วัดบ่อพระอินทร์
,วัดปัญจาภิรมย์
,วัดราษฎร์บำรุง
,วัดสร่างโศก
,วัดโคกเสลา
,วัดหนองเขศรีมงคล
,วัดหนองคล้า
,วัดหนองถ่านใต้
,วัดหนองบัว
,วัดโคกกุ่ม
,วัดจั่นเสือ
,วัดเขาพลัด
,วัดเขาวง
,วัดซับชะอม
,วัดบ้านน้อย
,วัดเขาบรเพ็ด
,วัดตรีบุญญาราม
,วัดปราสาททรงธรรม
,วัดพุขามหวาน
,วัดสายตรี
,วัดโกมลกิตติ
,วัดซอยสี
,วัดซับครก
,วัดดงมณี
,วัดนายาว
,วัดราษฎร์ศรัทธาธรรม
,วัดสวนมุตโตทัย
,วัดกัลยาณบรรพต
,วัดเทพประทาน
,วัดพุกร่าง
,วัดหนองคณฑี
,วัดหนองสองตอน
,วัดนิคมเขมาราม
,วัดนิคมพัฒนา
,วัดนิคมวาสี
,วัดนุตจรัสวงศาราม
,วัดบ่อวงครุ
,วัดเบญจคีรี
,วัดพรหมประสิทธิ์
,วัดพุคำจาน
,วัดพุซาง
,วัดหนองกระทุ่ม
,วัดหนองใหญ่
,วัดตาลเสี้ยน
,วัดเนินยาว
,วัดประดู่
,วัดศรีอัมพร
,วัดส้มป่อย
,วัดสวนสำราญ
,วัดหนองแก
,วัดหนองเครือตาปลา
,วัดหนองจิก
,วัดหนองโดนน้อย
,วัดเขตสว่าง
,วัดดอยหินปูน
,วัดบ้านโพธิ์
,วัดศรีจอมทอง
,วัดหนองถ่านเหนือ
,วัดหนองโป่ง
,วัดหนองสุทธะ
,วัดใหม่สุวรรณโน
,วัดศรีนิคมาราม
,วัดเขาเงิน
,วัดธารเกษม
,วัดพุทธนิคม
,วัดพุคำบรรพต
,วัดปากคลอง
,วัดซับกระดาน
,วัดซับขาม
,วัดซับตะเคียน
,วัดซับสนุ่น
,วัดซับเหว
,วัดถ้ำธรรมโอสถ
,วัดบ้านหมาก
,วัดบ้านหินลับ
,วัดปิ่นแก้วสามัคคี
,วัดมวกเหล็กนอก
,วัดหลังเขา
,วัดเหวลาด
,วัดคั่นตะเคียน
,วัดธนพัฒนาราม
,วัดประชาวิจิตร
,วัดพุทธนิมิต
,วัดมวกเหล็กใน
,วัดเขานมนาง
,วัดคลองม่วงเหนือ
,วัดซับน้อยเหนือ
,วัดถ้ำดาวเขาแก้ว
,วัดป่าศรีอุทุมพร
,วัดลำพญากลาง
,วัดหนองตอตะเคียน
,วัดหนองเอี่ยว
,วัดหนองเอี่ยวใน
,วัดซับดินดำ
,วัดลำสมพุง
,วัดกลุ่มพระบาท
,วัดคลองไทร
,วัดซับลำใย
,วัดสวนทองรวมมิตร
,วัดสัจจะพล
,วัดหนองผักหนอก
,วัดกุดนกเปล้า
,วัดโคกเพ็ก
,วัดเจริญราษฎร์บำรุง
,วัดทุ่งสาริกา
,วัดโนนสภาราม
,วัดถนนเหล็ก
,วัดหัวถนน
,วัดโตนด
,วัดป่าสัก
,วัดตลิ่งชัน
,วัดท่าเยี่ยม
,วัดห้วยลี่
,วัดตะกุด
,วัดบ้านกล้วย
,วัดสะตือ
,วัดหงษ์ดาราวาส
,วัดปากข้าวสารใต้
,วัดปากข้าวสารเหนือ
,วัดสุวรรณคีรี
,วัดแก่งขนุน
,วัดเขาคูบา
,วัดเจดีย์งาม
,วัดเชิงเขา
,วัดดาวเรือง
,วัดดาวเสด็จ
,วัดทองพุ่มพวง
,วัดบ้านบึง
,วัดบ้านอ้อย
,วัดศรีบุรีรตนาราม
,วัดศาลาแดง
,วัดหนองโสน
,วัดนาร่อง
,วัดป๊อกแป๊ก
,วัดหนองโนใต้
,วัดหนองโนเหนือ
,วัดโคกหนามแท่ง
,วัดบ้านพลับ
,วัดพระพุทธฉาย
,วัดอรัญญวาสี
,วัดหนองขริ้น
,วัดหนองเขื่อนช้าง
,วัดหนองจักร
,วัดหนองยาวใต้
,วัดหนองยาวสูง
,วัดคำพราน
,วัดดงน้ำฉ่า
,วัดดงมะเกลือ
,วัดตะพานหิน
,วัดท่าระหัด
,วัดปากน้ำ
,วัดภิบาลวังม่วง
,วัดมณีขวัญชัย
,วัดคลองมะเกลือ
,วัดซับกระทิง
,วัดป่าลานหินดาด
,วัดโป่งเก้ง
,วัดโป่งตะขบ
,วัดวังม่วง
,วัดวังยาง
,วัดสวนมะเดื่อ
,วัดหนองบอน
,วัดหาดเล็บยาว
,วัดปึกสำโรง
,วัดมณีโชติ
,วัดแสลงพัน
,วัดหนองกรดสามัคคี
,วัดหินซ้อนเหนือ
,วัดเขาแก้วธรรมาราม
,วัดคลองยาง
,วัดคลองหัวช้าง
,วัดหนองไทร
,วัดเขาน้อยจอมสวรรค์
,วัดเจริญธรรม
,วัดราษฎร์เจริญ
,วัดโคกกระต่าย
,วัดดงหมี
,วัดบ้านดอน
,วัดพุทธบูชาญาณสังวร
,วัดหนองตาบุญ
,วัดเกาะเซิงหวาย
,วัดบางกง
,วัดบ้านลำ
,วัดสหกรณ์รังสรรค์
,วัดหนองโพธิ์
,วัดหนองสรวง
,วัดหนองฟ้าเลื่อน
,วัดเกาะแก้วอรุณคาม
,วัดคลองใหม่
,วัดสร้างบุญ
,วัดหนองหมูใต้
,วัดศรีสัจจาวาส
,วัดโคกกระท้อน
,วัดปากบาง
,วัดต้นตาล
,วัดท่าช้างใต้
,วัดท่าช้างเหนือ
,วัดห้วยบุญ
,วัดชัน
,วัดบ้านยาง
,วัดเพชร
,วัดศรีอุทัย
,วัดพระยาทด
,วัดโพธิ์
,วัดตะเฆ่
,วัดบ้านกลาง
,วัดบ้านโคก
,วัดม่วงงาม
,วัดมะกรูด
,วัดจันทบุรี
,วัดชุ้ง
,วัดเชิงราก
,วัดบัวงาม
,วัดบ้านซุ้ง
,วัดพะเยาว์
,วัดอัมพวัน
,วัดเจ้าฟ้า
,วัดไผ่ล้อม
,วัดสวนดอกไม้
,วัดสูง
,วัดเสาไห้
,วัดเขาดินใต้
,วัดโคกกะพี้
,วัดบำเพ็ญพรต
,วัดม่วงฝ้าย
,วัดห้วยหวาย
,วัดกุ่มหัก
,วัดสวนกล้วย
,วัดกระทงลอย
,วัดขอนชะโงก
,วัดชัยเฉลิมมิตร
,วัดชัยสิทธิ์อนุสรณ์
,วัดแก้วเกาะลอย
,วัดโคกแดง
,วัดสันติวิหาร
,วัดหนองโนน้อย
,วัดไทยงาม
,วัดบ่อน้ำเค็ม
,วัดสนมไทย
,วัดหนองจอกน้อย
,วัดหนองจอกใหญ่
,วัดหนองผักชีเหนือ
,วัดหนองสมัคร
,วัดบกน้อย
,วัดบัวลอย
,วัดสันมะค่า
,วัดหนองดินแดง
,วัดโคกกลาง
,วัดโพนทอง
,วัดหนองแซงใหญ่
,วัดหนองอ่างทอง
,วัดโคกมะตูม
,วัดใหญ่วันนา
,วัดเกาะกลาง
,วัดมงคลทีปาราม
,วัดสหมิตรมงคล
,วัดเสนานฤมิตร
,วัดหนองพระบาง
,วัดหนองตะเฆ่
,วัดหนองตาเดี้ยง
,วัดหนองรี
,วัดบ้านไผ่
,วัดบ้านจาน
,วัดป่าบำเพ็ญธรรม
,วัดหนองครก
,วัดหนองนาค
,วัดท่าช้าง
,วัดร่องแซง
,วัดหนองปลากระดี่
,วัดหนองปลาหมอ
,วัดหนองผักชีใต้
,วัดทุ่งดินขอ
,วัดหนองขนาก
,วัดหนองปลิง
,วัดหนองสะเดา
,วัดคลองห้า
,วัดราษฎร์บำรุงวนาราม
,วัดศรีปทุม
,วัดหนองโรง
,วัดใหม่เทพนิมิตร
,วัดเขาน้อย
,วัดบ้านลาด
,วัดมุจลินทสราราม
,วัดห้วยขมิ้น
,วัดห้วยทองหลาง
,วัดพัชรบรรพตวราราม
,วัดห้วยทราย
,วัดราษฎร์สามัคคี
,วัดโสรกโขมง
,วัดพระพุทธแสงธรรม
,วัดไก่เส่า
,วัดบ้านใหม่
,วัดหนองหญ้าปล้อง
,วัดเขาไกรลาศ
,วัดงิ้วงาม
,วัดหนองกระธาตุ
,วัดหนองกวางโจน
,วัดหนองนกชุม
,วัดหนองหลัว
,วัดม่วงหวาน
,วัดอู่ตะเภา
,วัดหนองกบ
,วัดหนองทางบุญ
,วัดท่าราบ
,วัดหนองพลับ
,วัดโคกน้อย
,วัดหนองกีบม้า
,วัดหนองน้ำสร้าง
,วัดหนองหอย
,วัดบ้านขาม
,วัดบ้านโดน
,วัดหนองสีดา
,วัดหนองหัวโพธิ์
,วัดกองทองสว่างอารมณ์
,วัดทองย้อย
,วัดหนองแร่
,วัดดงสัก
,วัดบ้านคลอง
,วัดสองคอน
,วัดสุวรรณคีรีบ้านกลับ
,วัดหลังสวน
,วัดโปร่งเก่า
,วัดโป่รงสว่าง
,วัดโปร่งหัวถนน
,วัดคลองบุญ
,วัดตอยาง
,วัดป่าแหน
,วัดศรีนวลตอยาง
,วัดหนองโดน
,วัดหนองระกำ
สิงห์บุรี,วัดพระนอนจักรสีห์วรวิหาร
,วัดพิกุลทอง
,วัดโบสถ์
,วัดตะโกรวม
,วัดวังกะจับ
,วัดกลางท่าข้าม
,วัดโพธิ์ศรี
,วัดสาธุการาม
,วัดขุนสงฆ์
,วัดประดับ
,วัดโพธิ์เก้าต้น
,วัดยายสร้อย
,วัดสี่เหลี่ยม
,วัดคลองระมาน
,วัดดอนตะโหนด
,วัดบ้านกลับ
,วัดโพธิ์ทะเลใต้
,วัดราษฎร์บำรุง
,วัดโพธิ์สังฆาราม
,วัดฟูก
,วัดม่วง
,วัดสิงห์สุทธาวาส
,วัดหนองกระทุ่ม
,วัดโพสังโฆ
,วัดเสมาทอง
,วัดจำปาทอง
,วัดเสาธงหิน
,วัดโสภา
,วัดวิหารขาว
,วัดดอนกะเชา
,วัดดอนไผ่ใหญ่
,วัดพระปรางค์
,วัดโพธิ์รัตนาราม
,วัดโพธิ์สุทธาลัย
,วัดโพธิ์หอมสุทธาราม
,วัดบ้านจ่า
,วัดหนองโขลง
,วัดหนองชะโด
,วัดกลางชูศรีเจริญสุข
,วัดกิ่งประดิษฐ์
,วัดดงบ้านกร่าง
,วัดห้วยเจริญสุข
,วัดช่องลม
,วัดชันสูตร
,วัดน้ำผึ้ง
,วัดวังขรณ์
,วัดหลังสระ
,วัดสะเดา
,วัดสุขใจดี
,วัดแหลมคาง
,วัดจุกคลี
,วัดดาวเรือง
,วัดตลาดโพธิ์
,วัดม่วงชุม
,วัดใหญ่
,วัดคีมราษฎร์ศรัทธาธรรม
,วัดธรรมเจดีย์
,วัดสระแจง
,วัดสามัคคีธรรม
,วัดท่าวนธรรมรังษี
,วัดน้อยนางหงษ์
,วัดประสิทธิ์คุณากร
,วัดโคนอน
,วัดกุฎีทอง
,วัดโพธิ์เอน
,วัดโภคาภิวัฒน์
,วัดมงกุฏแก้ว
,วัดหลวง
,วัดอุตมพิชัย
,วัดกลางธนรินทร์
,วัดคู
,วัดจินดามณี
,วัดพุทธาราม
,วัดเสาธงทอง
,วัดเก้าชั่ง
,วัดโคปูน
,วัดตราชู
,วัดตาเถร
,วัดศรีพรหมประสิทธิ์
,วัดพรหมบุรี
,วัดอัมพวัน
,วัดชีปะขาว
,วัดเตย
,วัดทุ่ง
,วัดประสาท
,วัดราหุล
,วัดสิงห์
,วัดเทพมงคล
,วัดป่าหวาย
,วัดพรหมเทพาวาส
,วัดหัวป่า
,วัดนาคนันทาราม
,วัดแค
,วัดจักรสีห์
,วัดกลางพรหมนคร
,วัดคลองสามแยก
,วัดแจ้งพรหมนคร
,วัดยวด
,วัดศรีสาคร
,วัดสว่างอารมณ์
,วัดกระดังงาบุปผาราม
,วัดประโชติการาม
,วัดโพธิ์ลังกา
,วัดสถิตย์วัฒนาราม
,วัดสอาดราษฎร์บำรุง
,วัดพรหมสาคร
,วัดโพธิ์แก้วนพคุณ
,วัดโพธิ์ข้าวผอก
,วัดโพธิ์เงิน
,วัดสังฆราชาวาส
,วัดหัวว่าว
,วัดโคกพระ
,วัดดาวดึงษ์
,วัดโพกรวม
,วัดราษฎร์ประสิทธิ์
,วัดตึกราชา
,วัดพระปรางค์มุนี
,วัดศรัทธาภิรม
,วัดเสฐียรวัฒนดิษฐ์
,วัดข่อยสังฆาราม
,วัดตะโหนด
,วัดธรรมสังเวช
,วัดธัมมจักร
,วัดโพธิ์ชัย
,วัดกระโจม
,วัดน้อย
,วัดโพธิ์สำราญ
,วัดแหลมทอง
,วัดโฉมศรี
,วัดบางปูน
,วัดระนาม
,วัดราษฎร์ศรัทธาทำ
,วัดกลาง
,วัดคลองโพธิ์ศรี
,วัดเชียงราก
,วัดดงยาง
,วัดพระปรางค์สามยอด
,วัดล่องกะเบา
,วัดธรรมจักรสิทธาราม
,วัดปากแรต
,วัดพระนอน
,วัดยาง
,วัดสุทธาวาส
,วัดกำแพง
,วัดเกาะแก้ว
,วัดแจ้ง
,วัดตุ้มหู
,วัดท่าอิฐ
,วัดหัวดง
,วัดโฆสิทธาราม
,วัดทอง
,วัดดอกไม้
,วัดปลาไหล
,วัดเสือข้าม
,วัดบ้านลำ
,วัดการ้อง
,วัดหนองสุ่ม
,วัดเฉลิมมาศ
,วัดประศุก
,วัดปราสาท
,วัดพงษ์สุวรรณวราราม
,วัดโพธิ์ล้ม
,วัดเพิ่มประสิทธิผล
,วัดเซ่าสิงห์
,วัดกฤษณเวฬุพุทธาราม
,วัดสาลโคดม
,วัดศรีจุฬามณี
,วัดศรีสำราญ
,วัดกระทุ่มปี่
,วัดสองพี่น้อง
สุโขทัย,วัดพระศรีรัตนมหาธาตุราชวรวิหาร
,วัดสว่างอารมณ์วรวิหาร
,วัดหนองโว้ง
,วัดราษฏร์ศรัทธาธรรม
,วัดกกแรต
,วัดคลองตะเข้
,วัดทุ่งขวิด
,วัดป่ารัง
,วัดสิงห์ทอง
,วัดกงไกรลาศ
,วัดเนินหว้า
,วัดท่าทราย
,วัดสงฆาราม
,วัดดอนสัก
,วัดศรีเมือง
,วัดคุ้งยาง
,วัดดอนแค
,วัดโบสถ์
,วัดเกาะ
,วัดประกาย
,วัดป่ามะม่วง
,วัดหนองบัว
,วัดดงเดือย
,วัดดงยาง
,วัดโพธิ์หอม
,วัดข่อมตาล
,วัดท่าฉนวน
,วัดบ้านกร่าง
,วัดเกตุวนาราม
,วัดใหม่โพธิ์ทอง
,วัดใหม่สุขเกษม
,วัดบึงครอบศรัทธาราม
,วัดเต่าทอง
,วัดไพรงาม
,วัดทุ่งเนินพยอม
,วัดเนินกระชาย
,วัดใหม่ไทยบำรุง
,วัดอินทรีศรีสังวร
,วัดหนองตูม
,วัดเขาลานพระวนาราม
,วัดศรีคีรีสุวรรณาราม
,วัดธรรมปัญญาราม
,วัดวาลุการาม
,วัดหนองกก
,วัดทุ่งยั้งเมือง
,วัดดุสิตดาราม
,วัดบึง
,วัดบึงภูเต่า
,วัดลาย
,วัดขุนนาวัง
,วัดเชิงคีรี
,วัดนากาหลง
,วัดหมอสามัคคีธรรม
,วัดน้ำพุ
,วัดวังเงิน
,วัดนาไผ่ล้อม
,วัดนาสระลอย
,วัดเนินยาง
,วัดบ้านป้อม
,วัดวังกร่าง
,วัดสามพวง
,วัดหนองแหวน
,วัดภาวนาราม
,วัดบึงสนมเสนาราม
,วัดมุจลินทราราม
,วัดหนองสะแกทอง
,วัดใหม่เจริญผล
,วัดใหม่สามัคคีธรรม
,วัดคลองน้ำเย็น
,วัดกลางดง
,วัดเชิงผา
,วัดบึงบอน
,วัดโป่งฝาง
,วัดม่อนจำศีล
,วัดแม่บ่อทอง
,วัดหนองผักบุ้ง
,วัดหัวฝาย
,วัดม่อนศรีสมบุรณาราม
,วัดเขาแร่
,วัดเด่นดีหมี
,วัดท่าชุม
,วัดทุ่งเสลี่ยม
,วัดม่อนหินขาว
,วัดเทพนม
,วัดพิพัฒน์มงคล
,วัดวังธาร
,วัดเหมืองนา
,วัดคลองสำราญ
,วัดท่าต้นธงชัย
,วัดฝั่งหมิ่น
,วัดแม่ทุเลา
,วัดหนองหมื่นชัย
,วัดเขาแก้วชัยมงคล
,วัดโค้งเจริญ
,วัดท่าวิเศษ
,วัดวิเศษสมบูรณ์
,วัดสามหลัง
,วัดแสงสว่าง
,วัดใหญ่ชัยมงคล
,วัดตลิ่งชัน
,วัดลานกระบือ
,วัดวังลึก
,วัดวังหาด
,วัดวังแดด
,วัดสังฆาราม
,วัดลานหอย
,วัดหนองไม้กอง
,วัดวังน้ำขาว
,วัดห้วยไคร้
,วัดใหม่คลองอุดม
,วัดคลองเจริญ
,วัดวังตะคร้อ
,วัดหนองจิกตีนเนิน
,วัดขุนช้าง
,วัดตาลเตี้ย
,วัดยางเอน
,วัดคูหาสุวรรณ
,วัดไทยชุมพล
,วัดราชธานี
,วัดศรีเสวตวนาราม
,วัดกำแพงงาม
,วัดบ้านขวาง
,วัดศรีโพธิ์งาม
,วัดพลายชุมพล
,วัดคลองตะเคียน
,วัดคุ้งยางใหญ่
,วัดอมราวาส
,วัดบึงวนาราม
,วัดป่าเรไร
,วัดฤทธิ์ศิริราษฎร์เจริญธรรม
,วัดหนองทอง
,วัดกระชงคาราม
,วัดราชพฤกษ์
,วัดวังแดง
,วัดเนินมะนาว
,วัดศรีมหาโพธิ์
,วัดบางคลอง
,วัดราษฎร์ศรัทธาธรรม
,วัดคงคามาลัย
,วัดลัดทรายมูล
,วัดโซกเป็ด
,วัดถ่ำแม่ย่า
,วัดนาโพธิ์
,วัดตระพังทอง
,วัดตระพังทองหลาง
,วัดบ้านนา
,วัดปากคลอง
,วัดพระพายหลวง
,วัดคุณาพรบูรพาจารย์
,วัดเขาน้อย
,วัดวังวน
,วัดเซตุพน
,วัดนกยูงทอง
,วัดเขาพระบาทใหญ่
,วัดเขาพระบาทน้อย
,วัดศรีชุม
,วัดยางซ้าย
,วัดวังสวรรค์
,วัดวังทองแดง
,วัดสำนัก
,วัดไสยาศน์
,วัดหนองตาโชติ
,วัดศรีสหกรณ์
,วัดศิริบูรณาราม
,วัดทุ่งมหาชัย
,วัดจันวนาประชากร
,วัดบึงสวย
,วัดปัจจันตคารามวาสี
,วัดน้ำขุม
,วัดบ้านคลอง
,วัดบ่อทองอุดมธรรม
,วัดบ้านเหมือง
,วัดดงคู่
,วัดห้วยติ่ง
,วัดชัยสิทธาราม
,วัดดงพริกแจว
,วัดศรีสัชนาลัย
,วัดศาลาไก่ฟุบ
,วัดบ้านแก่ง
,วัดปากคะยาง
,วัดป่าบ้านลำโชค
,วัดศรีสวรรค์
,วัดจอมแจ้ง
,วัดต้นสนโพธาราม
,วัดนาต้นจั่น
,วัดปลายนา
,วัดม่อนแก้ว
,วัดศรีเชลียง
,วัดใหม่แสงทอง
,วัดดอยไก่แก้ว
,วัดดอยรัตนมณี
,วัดทุ่งพล้อ
,วัดป่างิ้ว
,วัดแม่ราก
,วัดวังค่า
,วัดเกาะระเบียง
,วัดดอนระเบียง
,วัดตอสัก
,วัดถาวรโพธิการาม
,วัดท่าโพธิ์
,วัดธรรมิการาม
,วัดแม่สำเหนือ
,วัดผาคำ
,วัดพงเสลียง
,วัดแม่เทินใต้
,วัดแม่เทินเหนือ
,วัดแม่ฮู้
,วัดสุเม่น
,วัดห้วยโป้
,วัดโบราณหลวง
,วัดโพธิยาราม
,วัดสารจิตร
,วัดแสนตอ
,วัดเกาะน้อยตะวันตก
,วัดเกาะน้อยตะวันออก
,วัดทะเลลอย
,วัดป่ายาง
,วัดหนองอ้อ
,วัดบ้านใหม่
,วัดโบสถ์มณีราม
,วัดภูธาตุเจดีย์
,วัดหาดสูง
,วัดหาดเสี้ยว
,วัดคลองเขนง
,วัดทุ่ง
,วัดวงฆ้อง
,วัดหนองกระดี่
,วัดฉิมพลี
,วัดโพธาราม
,วัดหนองรั้งเหนือ
,วัดเกาะวงษเกียรติ์
,วัดเตว็ดกลาง
,วัดทับผึ้ง
,วัดราษฎร์ศรัทธาราม
,วัดศรีสังวร
,วัดถ้ำระฆัง
,วัดนาขุนไกร
,วัดราวต้นจันทน์
,วัดวังสมบูรณ์
,วัดวังไฟไหม้
,วัดขุนตาลด
,วัดบ้านซ่าน
,วัดปากคลองแดน
,วัดศรีสำราญ
,วัดโคกกระทือ
,วัดดอนจันทร์
,วัดบ้านไร่
,วัดหนองเรียง
,วัดวังทอง
,วัดเกาะไม้แดง
,วัดหนองรั้งใต้
,วัดเตว็ดใน
,วัดราษฎร์บำรุง
,วัดวังใหญ่
,วัดหนองฝาด
,วัดหนองแหน
,วัดคลองโป่ง
,วัดนิคมศรีสำโรง
,วัดโสภาราม
,วัดกรงทอง
,วัดคลองกระจง
,วัดคลองยาง
,วัดคลองวังทอง
,วัดโป่งมะขาม
,วัดไผ่ตะล่อม
,วัดวังถ้ำคูหาสวรรค์
,วัดหนองชุมแสง
,วัดหนองป่าตอสามัคคีธรรม
,วัดโบสถ์โพธิ์
,วัดโพธิ์ทอง
,วัดมงคลนิมิตร
,วัดคลองพระรอด
,วัดเจ็ดธรรมาสน์
,วัดเด่นกระต่าย
,วัดบ่อแปดร้อย
,วัดแม่น้ำเก่า
,วัดใหม่คลองหอม
,วัดปากน้ำ
,วัดมาบป่าเลา
,วัดท่าเกย
,วัดโพธิ์งาม
,วัดวังหว้า
,วัดเกาะหินตั้ง
,วัดคลองแห้ง
,วัดปากคลองช้าง
,วัดท่าเกษม
,วัดท่าทอง
,วัดบางยมอุดมธรรม
,วัดสวรรคาราม
,วัดสวัสติการาม
,วัดคุ้งวารี
,วัดท่าช้าง
,วัดไทรย้อย
,วัดไผ่ล้อม
,วัดเวฬุวนาราม
,วัดอัมพวนาราม
,วัดจันทโรภาส
,วัดป่าข่อย
,วัดป่าถ่อน
,วัดหนองกลับ
,วัดใหม่ศรีสมบูรณ์
สุพรรณบุรี,วัดป่าเลไลยก์วรวิหาร
,วัดสองพี่น้อง
,วัดหนองเพียร
,วัดโพธาราม
,วัดเกาะ
,วัดคลองชะโด
,วัดดงขี้เหล็ก
,วัดบ้านกร่าง
,วัดดอนบุบผาราม
,วัดโพธิ์ศรีเจริญ
,วัดน้อยชมภู่
,วัดบ้านกล้วย
,วัดปู่เจ้า
,วัดละหาร
,วัดโลกาทิพยาราม
,วัดดอนสุทธาวาส
,วัดไผ่พันมือ
,วัดโพธิ์นฤมิตร
,วัดสามจุ่น
,วัดหนองปล้อง
,วัดห้วยสุวรรณวนาราม
,วัดคลองชะอม
,วัดป่าพระเจ้า
,วัดวสันตาราม
,วัดหนองสรวง
,วัดเทพสุธาวาส
,วัดวังพลับใต้
,วัดวังพลับเหนือ
,วัดศรีจันต์
,วัดเสาธงทอง
,วัดเถรพลาย
,วัดปลายนา
,วัดพังม่วง
,วัดห้วยเจริญ
,วัดไก่เตี้ย
,วัดบันไดทอง
,วัดสัปรสเทศ
,วัดจรรย์
,วัดถั่ว
,วัดพยัคฆาราม
,วัดม่วงเจริญผล
,วัดยาง
,วัดลาดปลาเค้า
,วัดป่าแก้วศรีประจันต์
,วัดปลายนาป่ามะม่วง
,วัดคลองสิบหก
,วัดดอนเจดีย์
,วัดนเรศสุวรรณาราม
,วัดราษฎร์บำรุง
,วัดสระศรีเจริญ
,วัดหนองกะดวง
,วัดหนองหลอด
,วัดทะเลบก
,วัดบ่อสำราญ
,วัดสระหลวง
,วัดหนองสานแตร
,วัดจิกรากข่า
,วัดชีธาราม
,วัดดงกะเชา
,วัดธัญญวารี
,วัดไร่รถ
,วัดสระพระยา
,วัดหนองน้ำแดง
,วัดดอนกลาง
,วัดสระกระโจม
,วัดหนองกะมาน
,วัดหนองโกสูง
,วัดหนองสลักได
,วัดหนองเสาธง
,วัดห้วยวันดี
,วัดหัวเขา
,วัดโคกหม้อสุวรรณประทีป
,วัดท่ากุ่ม
,วัดบ้านกรวด
,วัดบ้านลวดสามัคคีธรรม
,วัดสระด่าน
,วัดหนองขุม
,วัดห้วยม้าลอย
,วัดชลประชาเทพนิมิตร
,วัดดอนประดู่
,วัดด่านช้าง
,วัดทุ่งนาตาปิ่น
,วัดบรรหารแจ่มใส
,วัดพุน้ำร้อน
,วัดหนองอีเปาะ
,วัดพระธาตุมหาพรหม
,วัดวังหน่อไม้
,วัดทับผึ้ง
,วัดทับละคร
,วัดวังคัน
,วัดหนองอีเงิน
,วัดเขาถ้ำหมี
,วัดเขานางงาม
,วัดเขาสวรรค์
,วัดดงอู่ทอง
,วัดสระบัวก่ำ
,วัดหนองมะค่าโมง
,วัดหนองอุโลก
,วัดกกตาด
,วัดกกเต็น
,วัดท่าเดื่อ
,วัดป่าขี
,วัดวังกุ่ม
,วัดหนองพลับ
,วัดดงเสลา
,วัดทุ่งมะกอก
,วัดองค์พระ
,วัดศรีนวลประชาราม
,วัดกาบบัว
,วัดเขาดิน
,วัดปากดงท่าศาล
,วัดหนองแขม
,วัดกำมะเชียร
,วัดเขาน้อย
,วัดเขาพระ
,วัดเขาใหญ่
,วัดท่าช้าง
,วัดวังกุลา
,วัดสามเอก
,วัดหนองกรดสิริวัฒน
,วัดหนองตาแก้ว
,วัดเดิมบาง
,วัดท่าเตียน
,วัดกร่างสามยอด
,วัดกุ่มโคก
,วัดโพธิ์ศรีสำราญ
,วัดวุ้งสุทธาวาส
,วัดศรีทรงธรรม
,วัดใหม่คูเมือง
,วัดใหม่ศรัทธาราษฎร์
,วัดเขานางบวช
,วัดเขาแสงสว่าง
,วัดท่านางเริง
,วัดนางบวช
,วัดวังสำเภาล่ม
,วัดดอนเก้า
,วัดทุ่งกฐิน
,วัดบ่อกรุ
,วัดบ้านลาด
,วัดท่าทอง
,วัดประชุมสงฆ์
,วัดปากน้ำ
,วัดขวางเวฬุวัน
,วัดดอนมะเกลือ
,วัดป่าสะแก
,วัดสระเมืองท้าว
,วัดดงพิกุล
,วัดท่ามะนาว
,วัดยางนอน
,วัดโพธิ์ทอง
,วัดหนองกระทุ่ม
,วัดหนองหิน
,วัดฉวาก
,วัดตรอกตาโพธิ์
,วัดไทรย์
,วัดน้ำพุ
,วัดปากดง
,วัดดอนตาล
,วัดมะขามเฒ่า
,วัดหัวนา
,วัดอู่ตะเภา
,วัดฝาโถ
,วัดโคกโพธิ์
,วัดบางเลน
,วัดราษฎร์บูรณะ
,วัดศพเพลิง
,วัดกลาง
,วัดขวาง
,วัดดอกบัว
,วัดทวิชาตาราม
,วัดน้อย
,วัดมณีวรรณ
,วัดลาดหอย
,วัดลานคา
,วัดอู่ทอง
,วัดลำบัว
,วัดศาลาท่าทราย
,วัดสูงสุฆารมหันตาราม
,วัดแก้วตะเคียนทอง
,วัดเจ้าขาว
,วัดชีปะขาว
,วัดดารา
,วัดบางยี่หน
,วัดกกม่วง
,วัดขุนไกร
,วัดทุ่งอุทุมพร
,วัดบ้านเก่า
,วัดบ้านด่าน
,วัดบ้านสูตร
,วัดบ้านหมี่
,วัดโพธิ์ลังกา
,วัดโพธิ์ศรี
,วัดรอเจริญ
,วัดสวนหงส์
,วัดเสาธง
,วัดดอนกระเบื้อง
,วัดท่าเจริญ
,วัดบางแม่หม้าย
,วัดบางใหญ่
,วัดอินทราวาส
,วัดป่าพฤกษ์
,วัดศุขเกษม
,วัดใหม่พิณสุวรรณ
,วัดช่องลม
,วัดทองขาหย่าง
,วัดฤกษ์บุญมี
,วัดตปะโยคาราม
,วัดตะลุ่ม
,วัดเนินเกษม
,วัดโบสถ์
,วัดสุขเกษม
,วัดดอนยอ
,วัดไผ่มุ้ง
,วัดวังน้ำเย็น
,วัดคูบัว
,วัดดอนตาจีน
,วัดดาว
,วัดบ้านสันดอน
,วัดโพธิ์ตะควน
,วัดสังโฆสิตาราม
,วัดคลองขุด
,วัดดอนขาด
,วัดดอนทอง
,วัดท่าตลาด
,วัดบางจิก
,วัดไผ่เดี่ยว
,วัดพิพัฒนาราม
,วัดรางบัว
,วัดทรงกระเทียม
,วัดบึงคา
,วัดลาดน้ำขาว
,วัดสาลี
,วัดคลองโมง
,วัดสามัคคีธรรม
,วัดองครักษ์
,วัดโคกโคเฒ่า
,วัดหน่อสุวรรณ
,วัดดอนกุ่มทิพย์
,วัดนิเวศน์ธรรมาราม
,วัดบางปลาหมอ
,วัดพันตำลึง
,วัดวังพระนอน
,วัดอู่ยา
,วัดไผ่เกาะโพธิ์งาม
,วัดดอนโพธิ์ทอง
,วัดไตรรัตนาราม
,วัดใหม่รัตนเจดีย์
,วัดอุทุมพราราม
,วัดไทรงามธรรมธราราม
,วัดสองเขตสามัคคี
,วัดจำปา
,วัดดอนกระรอก
,วัดสมอลม
,วัดสระปทุม
,วัดสามทอง
,วัดสุวรรณนาดี
,วัดอินทร์เกษม
,วัดแก้ว
,วัดบำรุงราษฎร์
,วัดประสพสุข
,วัดมะนาว
,วัดราษฎร์สามัคคี
,วัดไชนาวาส
,วัดประตูสาร
,วัดปราสาททอง
,วัดพระรูป
,วัดโพธิ์คลาน
,วัดสุวรรณภูมิ
,วัดคันทด
,วัดชายทุ่ง
,วัดท่าโขลง
,วัดโพธิ์คอย
,วัดโพธิ์นางเทรา
,วัดมเหยงคณ์
,วัดใหม่
,วัดอัมพวนาราม
,วัดบ้านโพธิ์ตะวันตก
,วัดบ้านโพธิ์ตะวันออก
,วัดประชุมชน
,วัดโพธิ์ท่าทราย
,วัดลุ่มบัว
,วัดศีรษะเกษ
,วัดธรรมมงคล
,วัดไผ่ขวาง
,วัดเจ้าพระยาธรรมาราม
,วัดชีสุขเกษม
,วัดพระนอน
,วัดพิหารแดง
,วัดสว่างอารมณ์
,วัดหน่อพุทธางกูร
,วัดนิเวศน์ปวราราม
,วัดพร้าว
,วัดวรจันทร์
,วัดกงจักร
,วัดกุฎีทอง
,วัดแค
,วัดพระลอย
,วัดพระศรีรัตนมหาธาตุ
,วัดศรีบัวบาน
,วัดสารภี
,วัดพระธาตุ
,วัดราษฎร์ศรัทธาธรรม
,วัดโรงช้าง
,วัดลาดกระจับ
,วัดจำปี
,วัดผดุงศรัทธาราษฎร์
,วัดสกุณปักษี
,วัดสองเขต
,วัดสังฆมงคล
,วัดหนองโสน
,วัดถ้ำสุทธาวาส
,วัดปู่บัว
,วัดโพธิ์เจริญ
,วัดลาวทอง
,วัดสำปะซิว
,วัดพุทธมงคล
,วัดภูเขาดิน
,วัดการ้อง
,วัดไผ่ลูกนก
,วัดม่วง
,วัดศรีสันต์มณฑาราม
,วัดสวนแตง
,วัดสังฆจายเถร
,วัดบางกุ้ง
,วัดหลักเมตร
,วัดดอนมะนาว
,วัดศรีเฉลิมเขต
,วัดโคกงูเห่า
,วัดทุ่งเข็น
,วัดทุ่งคอก
,วัดเทพพิทักษ์
,วัดรางเทียน
,วัดหนองวัลย์เปรียง
,วัดเนินพระปรางค์
,วัดใหม่นพรัตน์
,วัดเขาแมงมุม
,วัดทับกระดาน
,วัดบ่อสุพรรณ
,วัดรางเข็มทอง
,วัดหนองกระดี่
,วัดหนองเฝ้า
,วัดหนองพันเทา
,วัดหัวกลับ
,วัดบางซอ
,วัดบางสาม
,วัดสำเภาทอง
,วัดโคกเจ็ดลูก
,วัดไชยนาราษฎร์
,วัดท่าข้าม
,วัดโบสถ์ดอนลำแพน
,วัดไผ่โรงวัว
,วัดใหม่บำรุงธรรม
,วัดดงตาล
,วัดท่าจัด
,วัดทองประดิษฐ์
,วัดท่าเจดีย์
,วัดใหม่พิบูลย์ผล
,วัดบางสะแก
,วัดบ้านโพธิ์
,วัดรางบัวทอง
,วัดสว่างอารมณ์ราษฎร์
,วัดลาดบัวหอม
,วัดลาดประทุมทอง
,วัดใหม่ชัยมงคล
,วัดไผ่ขาด
,วัดร่มโพธิ์ทอง
,วัดรางกร่าง
,วัดวังตะกู
,วัดสะพังกร่าง
,วัดใหม่เพชรรัตน์
,วัดจันทรังษีฉิมาวาส
,วัดโพธิ์อ้น
,วัดอัมพวัน
,วัดบวรศิริธรรม
,วัดพรสวรรค์
,วัดหนองกระทู้
,วัดเกาะแก้ว
,วัดดอนสงวน
,วัดท่าไชย
,วัดบางบอน
,วัดศรีประทุนทอง
,วัดหัวโพธิ์
,วัดอนัมนิกายเฉลิมพระชนมพรรษากาล
,วัดกระเสียว
,วัดโคกหม้อ
,วัดท่ามะกรูด
,วัดหนองบัวทอง
,วัดบ้านสระ
,วัดบ้านหนองหิน
,วัดโพธิ์สุวรรณ
,วัดลาดสิงห์
,วัดหนองกรับ
,วัดใหม่สระพลอย
,วัดบางขวาก
,วัดลำพระยา
,วัดวังหว้า
,วัดวังหิน
,วัดท่าประชาสรรค์
,วัดท่าพิกุลทอง
,วัดทุ่งแฝก
,วัดนางพิมพ์
,วัดวังจิก
,วัดคลองขอม
,วัดบ้านทึง
,วัดวิมลโภคาราม
,วัดสามชุก
,วัดทุ่งสามัคคีธรรม
,วัดโป่งแดง
,วัดหนองผักนาก
,วัดหนองไผ่
,วัดหนองโรงรัตนาราม
,วัดหนองสังข์ทอง
,วัดดอนไร่
,วัดเนินมหาเชษฐ์
,วัดสุวรรณตะไล
,วัดหนองสะเดา
,วัดใหม่ศรีสุพรรณ
,วัดนรรัตนาราม
,วัดโคกพระ
,วัดแจงงาม
,วัดดงเชือกพันเจริญ
,วัดศรีทองคำ
,วัดโค้งบ่อแร่
,วัดทุ่งหนองแก้ว
,วัดหนองกระถิน
,วัดหนองขาม
,วัดลำพันบอง
,วัดหนองจิกยาว
,วัดหนองโพธิ์
,วัดมาบพระยอม
,วัดหนองเต่าทอง
,วัดหนองทราย
,วัดหนองราชวัตร
,วัดกาญจนาราม
,วัดดอนสำโรง
,วัดบ่อหว้า
,วัดบัลลังก์
,วัดหนองโก
,วัดหนองสำโรง
,วัดหนองหลวง
,วัดไซหนองกวาง
,วัดท่าโป่งพุทธาราม
,วัดจันทราวาส
,วัดยางยี่แส
,วัดเขาถ้ำเสือ
,วัดเทพคีรีวงศ์
,วัดปทุมวนาราม
,วัดโพธิ์เงิน
,วัดหนองบัว
,วัดปากแสก
,วัดไผ่แอกสามัคคีธรรม
,วัดเขากำแพง
,วัดเขาดีสลัก
,วัดคีรีรัตนาราม
,วัดชัฏดงคำ
,วัดดอนไฟไหม้
,วัดโป่งพรานอินทร์
,วัดโภคาราม
,วัดสระกร่างเจริญธรรม
,วัดหนองกระโซ่
,วัดห้วยคู้
,วัดทุ่งกระเจ็ด
,วัดเขากระจิว
,วัดทุ่งดินดำ
,วัดบ้านดงน้อย
,วัดโพธิ์เขียว
,วัดสระบัวทอง
,วัดกลางบ้านดอน
,วัดยางไทยเจริญผล
,วัดยางสว่างอารมณ์
,วัดหัวทำนบ
,วัดเขากุฏิ
,วัดเขาวงศ์
,วัดคีรีเจริญผล
,วัดชัยเภรีย์
,วัดโนนหนองแปน
,วัดปฐมเจดีย์
,วัดพลับพลาไชย
,วัดโพธิ์ทองเจริญ
,วัดโสภาวราราม
,วัดหนองตาลัย
,วัดดอนหอคอย
,วัดโบสถ์วิทยาคาร
,วัดศรีพร
,วัดหลวง
,วัดใหม่สิทธาวาส
,วัดชัยมงคล
,วัดปัญจมิตรชลิตาราม
,วัดสระพังลาน
,วัดคลองตัน
,วัดนันทวัน
,วัดบ่อคู่
,วัดปทุมสูตยาราม
,วัดสระยายโสม
,วัดหนองยายทรัพย์
,วัดเขาถ้ำโกปิดทอง
,วัดคณฑี
,วัดคอกวัว
,วัดโคกสำโรง
,วัดทุ่งตลิ่งชัน
,วัดศิริวรรณาราม
,วัดหนองกระทิง
,วัดหนองหลุม
,วัดห้วยด้วน
,วัดเขาทำเทียม
,วัดเขาพระศรีสรรเพชญาราม
,วัดโคกยายเกตุ
,วัดท่าพระยาจักร์
,วัดปทุมสราวาส
,วัดหนองตาสาม
,วัดพระธาตุโพธิ์ทอง
สุราษฎร์ธานี,วัดพระบรมธาตุไชยาราชวรวิหาร
,วัดพัฒนาราม
,วัดไตรธรรมาราม
,วัดธรรมบูชา
,วัดเขานางเภา
,วัดสำนักไฟ
,วัดกรวด
,วัดดอนยา
,วัดถนนสุวรรณประดิษฐ์
,วัดสนธิ์
,วัดคงคาล้อม
,วัดถ้ำเขาคูหา
,วัดนางห้า
,วัดยางหมู่
,วัดกงตาก
,วัดปากคู
,วัดเขาถ้ำพระ
,วัดวชิรประดิษฐ์
,วัดแสงประดิษฐ์
,วัดเขาพระนิ่ม
,วัดจันทาวาส
,วัดดอนยาง
,วัดดอนสน
,วัดประสพ
,วัดสวนหมี
,วัดท่าไทร
,วัดเขาถ้ำธรรมอุทัย
,วัดบ้านใน
,วัดพระพุทธบาทศรีสุราษฎร์
,วัดอุทยาราม
,วัดเขาแก้ว
,วัดเขาชานาราม
,วัดทุ่งกง
,วัดวังไทร
,วัดสวาดวนาราม
,วัดพ่วง
,วัดอุทัยชนาราม
,วัดทุ่งรังพิพัฒน์ประชาราม
,วัดกาญจนาราม
,วัดเขากุมแป
,วัดหัวหมาก
,วัดนิกรประสาท
,วัดพุทธเจดีย์
,วัดโพธิ์น้อย
,วัดวิภาวดีวนาราม
,วัดอรัญญาราม
,วัดโฉลกหลำ
,วัดมธุรวราราม
,วัดราษฎร์เจริญ
,วัดภูเขาน้อย
,วัดศรีธนู
,วัดสมัยคงคา
,วัดอัมพวัน
,วัดสวนสุวรรณโชติการาม
,วัดโพธิ์
,วัดเกาะเจริญสันติธรรม
,วัดป่าแสงธรรม
,วัดคีรีมาส
,วัดคีรีวงการาม
,วัดสระเกศ
,วัดสันติวราราม
,วัดบ่อพุทธาราม
,วัดเบญจธรรมาราม
,วัดบุณฑริการาม
,วัดสว่างอารมณ์
,วัดแหลมสุวรรณาราม
,วัดพระใหญ่
,วัดราชธรรมาราม
,วัดละไม
,วัดสำเร็จ
,วัดภูเขาทอง
,วัดศรีสุวรรณาราม
,วัดหน้าพระลาน
,วัดนาราเจริญสุข
,วัดสมุทราราม
,วัดดอนธูป
,วัดคุณาราม
,วัดประเดิม
,วัดพระเจดีย์แหลมสอ
,วัดคงคาราม
,วัดแจ้ง
,วัดน้ำตกหินลาด
,วัดศรีทวีป
,วัดโกศาวาส
,วัดพระมหาธาตุคีรีอินทรวิหาร
,วัดถ้ำสิงขร
,วัดเกษตราราม
,วัดดิตถาราม
,วัดถ้ำสมิงพราย
,วัดปราการ
,วัดน้ำหัก
,วัดนิลาราม
,วัดวนาราม
,วัดเสริมนิมิต
,วัดฑีฆาราม
,วัดสถิตย์คีรีรมย์
,วัดควนทองธรรมาราม
,วัดแสงอรุณศรัทธาราม
,วัดเทพนิมิตวนาราม
,วัดดอนพยอม
,วัดเพ็งประดิษฐาราม
,วัดคีรีธรรมาราม
,วัดอรัญคามวารี
,วัดทับใหม่พัฒนา
,วัดสายวารี
,วัดหน้าเขา
,วัดหน้าควนสามมัคคี
,วัดบางหอย
,วัดปลายศอก
,วัดนิคมคณาราม
,วัดสองแพรก
,วัดถ้ำหอมธรรมาราม
,วัดสมัยสุวรรณ
,วัดชยาราม
,วัดท่าโพธิ์
,วัดโลการาม
,วัดเวียง
,วัดใหม่ลานทะเล
,วัดตะกรบ
,วัดวิชิตธาราราม
,วัดควนเจดีย์
,วัดจำปา
,วัดชมพูพนัส
,วัดไตรรัตนากร
,วัดพระประสพ
,วัดวิโรจนาราม
,วัดเขาพนมแบก
,วัดเดิมเจ้า
,วัดเววน
,วัดตระพังจิก
,วัดพุมเรียง
,วัดโพธาราม
,วัดศักดิ์คุณาราม
,วัดทุ่งจับช้าง
,วัดสมุหนิมิต
,วัดสุทธาวาส
,วัดพริง
,วัดธารน้ำไหล
,วัดปาลิไลยก์
,วัดรัตนาราม
,วัดสโมสร
,วัดวชิราราม
,วัดศรีเวียง
,วัดชลคราม
,วัดนทีวัฒนาราม
,วัดเนาวรัตนาราม
,วัดนอก
,วัดสุคนธาราม
,วัดเขาสุวรรณประดิษฐ์
,วัดดอนสัก
,วัดท้องอ่าว
,วัดนางกำ
,วัดนาตาดี
,วัดดอนเสาธง
,วัดวิสุทธิชลาราม
,วัดคอกช้าง
,วัดคีรีวง
,วัดเขาพระอินทร์
,วัดคลองครามประชาสรรค์
,วัดอัมพาราม
,วัดท่าแซะ
,วัดนันทาราม
,วัดพระพรหม
,วัดบางปอธรรมาราม
,วัดจันทาราม
,วัดน้ำพุ
,วัดบ่อมะปริง
,วัดกลางวนาราม
,วัดบางน้ำจืด
,วัดมูลเหล็ก
,วัดสันติธรรมาราม
,วัดอินทาราม
,วัดบางคราม
,วัดท่าเสวียด
,วัดประตูใหญ่
,วัดศรีน้อย
,วัดสายธารเจริญธรรม
,วัดธรรมประดิษฐ์
,วัดเขากอม
,วัดป่าท่าไท
,วัดสังขประดิษฐ์
,วัดสามัคคีวัฒนาราม
,วัดชัยธาราวาส
,วัดวิชิตดิตถาราม
,วัดสุมังคลาราม
,วัดกาฬสินธุ์
,วัดคลองโสด
,วัดมหาถูปาราม
,วัดมัชฌิมาราม
,วัดขจรบำรุง
,วัดถ้ำศิลาเตียบ
,วัดถ้ำใหญ่
,วัดอัมพาวาส
,วัดศรีสุวรรณ
,วัดศรีพนมพลาราม
,วัดไกรสรเขตราราม
,วัดเขาพัง
,วัดตาขุน
,วัดบางสาววนาราม
,วัดพะแสง
,วัดพะแสงใต้
,วัดพรุศรี
,วัดควนท่าแร่
,วัดควนพระ
,วัดปัฎนาราม
,วัดชโลตมาราม
,วัดทองประธาน
,วัดบ้านนา
,วัดห้วยใหญ่
,วัดคลองปราบกัลยาราม
,วัดถ้ำขรม
,วัดควนศรี
,วัดควนสุบรรณ
,วัดไทรโพธิ์งาม
,วัดโกงเหลง
,วัดท่าเจริญ
,วัดคลองขนุน
,วัดวิเวการาม
,วัดศรีสมนึกบำรุงธรรม
,วัดนาสาร
,วัดสว่างประชารมณ์
,วัดอภัยเขตตาราม
,วัดวารีวงก์
,วัดสุคนธาวาส
,วัดกันตาราม
,วัดโฉลกศิลาราม
,วัดพัฒนารมย์
,วัดอนุสรณ์สังฆาราม
,วัดไสดงวิสุทธิรังสิต
,วัดถ้ำพันธุรัตน์
,วัดถ้ำวราราม
,วัดสองพี่น้อง
,วัดปากตรัง
,วัดพนม
,วัดธัญญาราม
,วัดพังกาญจน์
,วัดป่าเขาหน้าแดง
,วัดปากเตลิด
,วัดนิโครธาราม
,วัดคีรีไพรสณฑ์
,วัดถ้ำพระสีสุก
,วัดเทพธาราราม
,วัดป่าเคียนพิงธรรมเจดีย์
,วัดสามพัน
,วัดแสงสะท้อน
,วัดบ้านควนยอ
,วัดบางสวรรค์
,วัดป่าสิทธาจารย์
,วัดเขาพระ
,วัดโคกตะไคร้
,วัดบางกำยาน
,วัดบางภาวนาราม
,วัดเมธาวนาราม
,วัดกันหลา
,วัดย่านดินแดง
,วัดศรัทธาวนาราม(นิคมพระแสง)
,วัดบางหยด
,วัดควนนิยมราชรังษฤษฎ์
,วัดเนินสุวรรณ
,วัดราษฎร์ธรรมาราม
,วัดประชาวงศาราม(วัดกรูด)
,วัดราษฎร์บำรุง
,วัดกุศลศรัทธาราม
,วัดดอนกะถิน
,วัดดอนมะลิ
,วัดตรณาราม
,วัดท่าข้าม
,วัดท่าตลิ่งชัน
,วัดพุนพินใต้
,วัดรัตนธรรมาราม
,วัดสถลธรรมาราม
,วัดสันติคีรีรมย์
,วัดสุธาฤดีวนาราม
,วัดท่าสะท้อน
,วัดท่าโรงช้าง
,วัดทุ่งเซียด
,วัดนาคาวาส
,วัดสุวรรณโกฎ
,วัดเกาะกลาง
,วัดน้ำรอบ
,วัดวิหาร
,วัดเกษมบำรุง
,วัดบางงอน
,วัดรัษฎาราม
,วัดจันทร์ประดิษฐาราม
,วัดบางมะเดื่อ
,วัดหาดน้อย
,วัดทุ่งโพธิ์
,วัดสระพัง
,วัดมะลิวัน
,วัดห้วยกรวด
,วัดแหลมไผ่
,วัดตรีธาราราม
,วัดบางพลา
,วัดบางใหญ่
,วัดบางบุตรศรีวนาราม
,วัดคลองกอ
,วัดเขาพระอานนท์
,วัดเขาศรีวิชัย
,วัดสามัคคีธรรม
,วัดท่าพลา
,วัดยางงาม
,วัดหนองไทร
,วัดหัวเตย
,วัดหัวสวน
,วัดควนยูง
,วัดซอยสิบ
,วัดท่าอู่
,วัดภูธรอุทิศสิทธาราม
,วัดศานติไมตรี
,วัดแหลมทอง
,วัดธาราวดี
,วัดบุญบันเทิง
,วัดกลางเก่า
,วัดไทร
,วัดพระโยค
,วัดโพธาวาส
,วัดท่าทองใหม่
,วัดโพธิ์นิมิต
,วัดโพหวาย
,วัดบางขยาราม
,วัดประสิทธาราม
,วัดชลธาร
,วัดบางใบไม้
,วัดโชติการาม
,วัดกลางใหม่
,วัดนิคมธรรมาราม
,วัดพุทธบูชา
,วัดหน้าเมือง
,วัดบ้านใหม่พัฒนา
,วัดโพธิ์ปักษ์
,วัดมะปริง
,วัดสมหวัง
,วัดสุนทรนิวาส
,วัดคลองเรือสามัคคีธรรม
,วัดบางกล้วย
,วัดวิภาวดีกาญจนา
,วัดสามัคคีผดุงพันธ์
,วัดสารวนาราม
,วัดโมกขธรรมาราม
,วัดเกษตรสามัคคี
,วัดเขานิพันธ์
,วัดคลองฉนวน
,วัดกัลปนาราม
,วัดโคกอินทนินธาราม
,วัดทุ่งหลวง
,วัดโสภณประชาราม
,วัดบ้านส้อง
,วัดวิกรมประชาราม
,วัดวิภาวดีรังสิต
,วัดคลองตาล
,วัดเวียงสระ
,วัดนาพอ
,วัดคีรีราษฎร์พัฒนา
